Description,Scientific Name,Max Score,Total Score,Query Cover,E value,Per. ident,Acc. Len,Accession  
"Yersinia pestis strain 86025 plasmid pMT1, complete sequence",Yersinia pestis,688,688,99%,0.0,99.21,96210,"=HYPERLINK(""https://www.ncbi.nlm.nih.gov/nucleotide/CP177713.1?report=genbank&log$=nucltop&blast_rank=1&RID=UW21N5FS014"",""CP177713.1"")"
"Yersinia pestis strain 680169 plasmid pMT1, complete sequence",Yersinia pestis,688,688,99%,0.0,99.21,94251,"=HYPERLINK(""https://www.ncbi.nlm.nih.gov/nucleotide/CP177500.1?report=genbank&log$=nucltop&blast_rank=2&RID=UW21N5FS014"",""CP177500.1"")"
"Yersinia pestis strain 56008 plasmid pMT1, complete sequence",Yersinia pestis,688,688,100%,0.0,98.96,101723,"=HYPERLINK(""https://www.ncbi.nlm.nih.gov/nucleotide/CP177607.1?report=genbank&log$=nucltop&blast_rank=3&RID=UW21N5FS014"",""CP177607.1"")"
"Yersinia pestis strain 34011 plasmid pMT1, complete sequence",Yersinia pestis,688,688,99%,0.0,99.21,100918,"=HYPERLINK(""https://www.ncbi.nlm.nih.gov/nucleotide/CP177680.1?report=genbank&log$=nucltop&blast_rank=4&RID=UW21N5FS014"",""CP177680.1"")"
"Yersinia pestis strain SCPM-O-B-5935 (I-1996) plasmid pMT, complete sequence",Yersinia pestis,688,688,99%,0.0,99.21,99286,"=HYPERLINK(""https://www.ncbi.nlm.nih.gov/nucleotide/CP045155.1?report=genbank&log$=nucltop&blast_rank=5&RID=UW21N5FS014"",""CP045155.1"")"
"Yersinia pestis strain 54008 plasmid pMT1, complete sequence",Yersinia pestis,688,688,100%,0.0,98.96,101744,"=HYPERLINK(""https://www.ncbi.nlm.nih.gov/nucleotide/CP177973.1?report=genbank&log$=nucltop&blast_rank=6&RID=UW21N5FS014"",""CP177973.1"")"
"Yersinia pestis strain AKS2022HT87_A plasmid pMT1, complete sequence",Yersinia pestis,688,688,99%,0.0,99.21,100988,"=HYPERLINK(""https://www.ncbi.nlm.nih.gov/nucleotide/CP155633.1?report=genbank&log$=nucltop&blast_rank=7&RID=UW21N5FS014"",""CP155633.1"")"
"Yersinia pestis strain 52005 plasmid pMT1, complete sequence",Yersinia pestis,688,688,100%,0.0,98.96,101694,"=HYPERLINK(""https://www.ncbi.nlm.nih.gov/nucleotide/CP177999.1?report=genbank&log$=nucltop&blast_rank=8&RID=UW21N5FS014"",""CP177999.1"")"
"Yersinia pestis strain 74008 plasmid pMT1, complete sequence",Yersinia pestis,688,688,100%,0.0,98.96,100935,"=HYPERLINK(""https://www.ncbi.nlm.nih.gov/nucleotide/CP177470.1?report=genbank&log$=nucltop&blast_rank=9&RID=UW21N5FS014"",""CP177470.1"")"
"Yersinia pestis strain 46507 plasmid pMT1, complete sequence",Yersinia pestis,688,688,99%,0.0,99.21,96206,"=HYPERLINK(""https://www.ncbi.nlm.nih.gov/nucleotide/CP177557.1?report=genbank&log$=nucltop&blast_rank=10&RID=UW21N5FS014"",""CP177557.1"")"
"Yersinia pestis strain 6/69 plasmid pMT1, complete sequence",Yersinia pestis,688,688,99%,0.0,99.21,96210,"=HYPERLINK(""https://www.ncbi.nlm.nih.gov/nucleotide/CP166967.1?report=genbank&log$=nucltop&blast_rank=11&RID=UW21N5FS014"",""CP166967.1"")"
"Yersinia pestis strain 15002 plasmid pMT1, complete sequence",Yersinia pestis,688,688,99%,0.0,99.21,96210,"=HYPERLINK(""https://www.ncbi.nlm.nih.gov/nucleotide/CP177523.1?report=genbank&log$=nucltop&blast_rank=12&RID=UW21N5FS014"",""CP177523.1"")"
"Yersinia pestis strain 8 plasmid pFra, complete sequence",Yersinia pestis,688,688,99%,0.0,99.21,100908,"=HYPERLINK(""https://www.ncbi.nlm.nih.gov/nucleotide/CP151620.1?report=genbank&log$=nucltop&blast_rank=13&RID=UW21N5FS014"",""CP151620.1"")"
"Yersinia pestis CA88-4125 plasmid pMT1, complete sequence",Yersinia pestis CA88-4125,688,688,100%,0.0,98.96,96210,"=HYPERLINK(""https://www.ncbi.nlm.nih.gov/nucleotide/CP000723.1?report=genbank&log$=nucltop&blast_rank=14&RID=UW21N5FS014"",""CP000723.1"")"
"Yersinia pestis strain 71034 plasmid pMT1, complete sequence",Yersinia pestis,688,688,100%,0.0,98.96,100984,"=HYPERLINK(""https://www.ncbi.nlm.nih.gov/nucleotide/CP178064.1?report=genbank&log$=nucltop&blast_rank=15&RID=UW21N5FS014"",""CP178064.1"")"
"Yersinia pestis strain 46503 plasmid pMT1, complete sequence",Yersinia pestis,688,688,100%,0.0,98.96,96206,"=HYPERLINK(""https://www.ncbi.nlm.nih.gov/nucleotide/CP177547.1?report=genbank&log$=nucltop&blast_rank=16&RID=UW21N5FS014"",""CP177547.1"")"
"Yersinia pestis strain Nicholisk 41 plasmid 1, complete genome",Yersinia pestis,688,688,99%,0.0,99.21,99286,"=HYPERLINK(""https://www.ncbi.nlm.nih.gov/nucleotide/CP009989.1?report=genbank&log$=nucltop&blast_rank=17&RID=UW21N5FS014"",""CP009989.1"")"
"Yersinia pestis strain 108003 plasmid pMT1, complete sequence",Yersinia pestis,688,688,99%,0.0,99.21,96210,"=HYPERLINK(""https://www.ncbi.nlm.nih.gov/nucleotide/CP177720.1?report=genbank&log$=nucltop&blast_rank=18&RID=UW21N5FS014"",""CP177720.1"")"
"Yersinia pestis strain 50018 plasmid pMT1, complete sequence",Yersinia pestis,688,688,99%,0.0,99.21,101698,"=HYPERLINK(""https://www.ncbi.nlm.nih.gov/nucleotide/CP177927.1?report=genbank&log$=nucltop&blast_rank=19&RID=UW21N5FS014"",""CP177927.1"")"
"Yersinia pestis strain O010008 plasmid pMT1, complete sequence",Yersinia pestis,688,688,99%,0.0,99.21,96035,"=HYPERLINK(""https://www.ncbi.nlm.nih.gov/nucleotide/CP177703.1?report=genbank&log$=nucltop&blast_rank=20&RID=UW21N5FS014"",""CP177703.1"")"
"Yersinia pestis 3770 plasmid pMT1, complete sequence",Yersinia pestis 3770,688,688,100%,0.0,98.96,140938,"=HYPERLINK(""https://www.ncbi.nlm.nih.gov/nucleotide/CP006749.1?report=genbank&log$=nucltop&blast_rank=21&RID=UW21N5FS014"",""CP006749.1"")"
"Yersinia pestis strain 2 plasmid pFra, complete sequence",Yersinia pestis,688,688,99%,0.0,99.21,100909,"=HYPERLINK(""https://www.ncbi.nlm.nih.gov/nucleotide/CP151616.1?report=genbank&log$=nucltop&blast_rank=22&RID=UW21N5FS014"",""CP151616.1"")"
"Yersinia pestis strain 19104 plasmid pMT1, complete sequence",Yersinia pestis,688,688,99%,0.0,99.21,77488,"=HYPERLINK(""https://www.ncbi.nlm.nih.gov/nucleotide/CP177783.1?report=genbank&log$=nucltop&blast_rank=23&RID=UW21N5FS014"",""CP177783.1"")"
"Yersinia pestis strain 80075 plasmid pMT1, complete sequence",Yersinia pestis,688,688,100%,0.0,98.96,96008,"=HYPERLINK(""https://www.ncbi.nlm.nih.gov/nucleotide/CP177473.1?report=genbank&log$=nucltop&blast_rank=24&RID=UW21N5FS014"",""CP177473.1"")"
"Yersinia pestis strain 41011 plasmid pMT1, complete sequence",Yersinia pestis,688,688,99%,0.0,99.21,102195,"=HYPERLINK(""https://www.ncbi.nlm.nih.gov/nucleotide/CP177405.1?report=genbank&log$=nucltop&blast_rank=25&RID=UW21N5FS014"",""CP177405.1"")"
"Yersinia pestis strain 100963 plasmid pMT1, complete sequence",Yersinia pestis,688,688,99%,0.0,99.21,77488,"=HYPERLINK(""https://www.ncbi.nlm.nih.gov/nucleotide/CP177767.1?report=genbank&log$=nucltop&blast_rank=26&RID=UW21N5FS014"",""CP177767.1"")"
"Yersinia pestis strain 91032 plasmid pMT1, complete sequence",Yersinia pestis,688,688,99%,0.0,99.21,106644,"=HYPERLINK(""https://www.ncbi.nlm.nih.gov/nucleotide/CP177387.1?report=genbank&log$=nucltop&blast_rank=27&RID=UW21N5FS014"",""CP177387.1"")"
"Yersinia pestis strain 96005 plasmid pMT1, complete sequence",Yersinia pestis,688,688,100%,0.0,98.96,102408,"=HYPERLINK(""https://www.ncbi.nlm.nih.gov/nucleotide/CP177936.1?report=genbank&log$=nucltop&blast_rank=28&RID=UW21N5FS014"",""CP177936.1"")"
"Yersinia pestis strain CMCC92010 plasmid pMT1, complete sequence",Yersinia pestis,688,688,99%,0.0,99.21,99290,"=HYPERLINK(""https://www.ncbi.nlm.nih.gov/nucleotide/CP178011.1?report=genbank&log$=nucltop&blast_rank=29&RID=UW21N5FS014"",""CP178011.1"")"
"Yersinia pestis strain 60007 plasmid pMT1, complete sequence",Yersinia pestis,688,688,100%,0.0,98.96,101698,"=HYPERLINK(""https://www.ncbi.nlm.nih.gov/nucleotide/CP177933.1?report=genbank&log$=nucltop&blast_rank=30&RID=UW21N5FS014"",""CP177933.1"")"
"Yersinia pestis strain F020032 plasmid pMT1, complete sequence",Yersinia pestis,688,688,100%,0.0,98.96,100990,"=HYPERLINK(""https://www.ncbi.nlm.nih.gov/nucleotide/CP178095.1?report=genbank&log$=nucltop&blast_rank=31&RID=UW21N5FS014"",""CP178095.1"")"
"Yersinia pestis strain 6/69_pPCP1- plasmid pMT1, complete sequence",Yersinia pestis,688,688,99%,0.0,99.21,96210,"=HYPERLINK(""https://www.ncbi.nlm.nih.gov/nucleotide/CP166964.1?report=genbank&log$=nucltop&blast_rank=32&RID=UW21N5FS014"",""CP166964.1"")"
"Yersinia pestis strain 372009 plasmid pMT1, complete sequence",Yersinia pestis,688,688,100%,0.0,98.96,100918,"=HYPERLINK(""https://www.ncbi.nlm.nih.gov/nucleotide/CP177637.1?report=genbank&log$=nucltop&blast_rank=33&RID=UW21N5FS014"",""CP177637.1"")"
"Yersinia pestis strain 195/P plasmid pMT1, complete sequence",Yersinia pestis,688,688,99%,0.0,99.21,96196,"=HYPERLINK(""https://www.ncbi.nlm.nih.gov/nucleotide/CP019709.1?report=genbank&log$=nucltop&blast_rank=34&RID=UW21N5FS014"",""CP019709.1"")"
"Yersinia pestis strain KIM5 plasmid pMT, complete sequence",Yersinia pestis,688,688,100%,0.0,98.96,100990,"=HYPERLINK(""https://www.ncbi.nlm.nih.gov/nucleotide/CP009834.1?report=genbank&log$=nucltop&blast_rank=35&RID=UW21N5FS014"",""CP009834.1"")"
"Yersinia pestis strain 197_15 plasmid pFra, complete sequence",Yersinia pestis,688,688,99%,0.0,99.21,100915,"=HYPERLINK(""https://www.ncbi.nlm.nih.gov/nucleotide/CP151624.1?report=genbank&log$=nucltop&blast_rank=36&RID=UW21N5FS014"",""CP151624.1"")"
"Yersinia pestis strain KIM6+ plasmid pMT, complete sequence",Yersinia pestis,688,688,99%,0.0,99.21,95328,"=HYPERLINK(""https://www.ncbi.nlm.nih.gov/nucleotide/CP162312.1?report=genbank&log$=nucltop&blast_rank=37&RID=UW21N5FS014"",""CP162312.1"")"
"Yersinia pestis strain A1694 plasmid pFra, complete sequence",Yersinia pestis,688,688,99%,0.0,99.21,100919,"=HYPERLINK(""https://www.ncbi.nlm.nih.gov/nucleotide/CP151600.1?report=genbank&log$=nucltop&blast_rank=38&RID=UW21N5FS014"",""CP151600.1"")"
"Yersinia pestis strain 660094 plasmid pMT1, complete sequence",Yersinia pestis,688,688,99%,0.0,99.21,77487,"=HYPERLINK(""https://www.ncbi.nlm.nih.gov/nucleotide/CP177516.1?report=genbank&log$=nucltop&blast_rank=39&RID=UW21N5FS014"",""CP177516.1"")"
"Yersinia pestis strain Cadman plasmid pMT1, complete sequence",Yersinia pestis,688,688,100%,0.0,98.96,96210,"=HYPERLINK(""https://www.ncbi.nlm.nih.gov/nucleotide/CP016275.1?report=genbank&log$=nucltop&blast_rank=40&RID=UW21N5FS014"",""CP016275.1"")"
"Yersinia pestis strain 49007 plasmid pMT1, complete sequence",Yersinia pestis,688,688,99%,0.0,99.21,103631,"=HYPERLINK(""https://www.ncbi.nlm.nih.gov/nucleotide/CP177453.1?report=genbank&log$=nucltop&blast_rank=41&RID=UW21N5FS014"",""CP177453.1"")"
"Yersinia pestis strain O010025 plasmid pMT1, complete sequence",Yersinia pestis,688,688,99%,0.0,99.21,96210,"=HYPERLINK(""https://www.ncbi.nlm.nih.gov/nucleotide/CP177693.1?report=genbank&log$=nucltop&blast_rank=42&RID=UW21N5FS014"",""CP177693.1"")"
"Yersinia pestis strain J340003 plasmid pMT1, complete sequence",Yersinia pestis,688,688,100%,0.0,98.96,100918,"=HYPERLINK(""https://www.ncbi.nlm.nih.gov/nucleotide/CP177630.1?report=genbank&log$=nucltop&blast_rank=43&RID=UW21N5FS014"",""CP177630.1"")"
"Yersinia pestis Angola plasmid pMT, complete sequence",Yersinia pestis Angola,688,688,100%,0.0,98.96,95352,"=HYPERLINK(""https://www.ncbi.nlm.nih.gov/nucleotide/CP009934.1?report=genbank&log$=nucltop&blast_rank=44&RID=UW21N5FS014"",""CP009934.1"")"
"Yersinia pestis strain 81005 plasmid pMT1, complete sequence",Yersinia pestis,688,688,99%,0.0,99.21,96210,"=HYPERLINK(""https://www.ncbi.nlm.nih.gov/nucleotide/CP177737.1?report=genbank&log$=nucltop&blast_rank=45&RID=UW21N5FS014"",""CP177737.1"")"
"Yersinia pestis strain O010017 plasmid pMT1, complete sequence",Yersinia pestis,688,688,99%,0.0,99.21,96210,"=HYPERLINK(""https://www.ncbi.nlm.nih.gov/nucleotide/CP177696.1?report=genbank&log$=nucltop&blast_rank=46&RID=UW21N5FS014"",""CP177696.1"")"
"Yersinia pestis strain 86010 plasmid pMT1, complete sequence",Yersinia pestis,688,688,99%,0.0,99.21,96210,"=HYPERLINK(""https://www.ncbi.nlm.nih.gov/nucleotide/CP177715.1?report=genbank&log$=nucltop&blast_rank=47&RID=UW21N5FS014"",""CP177715.1"")"
"Yersinia pestis KIM10+ plasmid pMT-1, complete sequence",Yersinia pestis KIM10+,688,688,100%,0.0,98.96,100990,"=HYPERLINK(""https://www.ncbi.nlm.nih.gov/nucleotide/AF074611.1?report=genbank&log$=nucltop&blast_rank=48&RID=UW21N5FS014"",""AF074611.1"")"
"Yersinia pestis strain 9 plasmid pMT1, complete sequence",Yersinia pestis,688,688,99%,0.0,99.21,107426,"=HYPERLINK(""https://www.ncbi.nlm.nih.gov/nucleotide/CP178034.1?report=genbank&log$=nucltop&blast_rank=49&RID=UW21N5FS014"",""CP178034.1"")"
"Yersinia pestis strain 19042 plasmid pMT1, complete sequence",Yersinia pestis,688,688,99%,0.0,99.21,100984,"=HYPERLINK(""https://www.ncbi.nlm.nih.gov/nucleotide/CP178048.1?report=genbank&log$=nucltop&blast_rank=50&RID=UW21N5FS014"",""CP178048.1"")"
"Yersinia pestis strain 19098 plasmid pMT1, complete sequence",Yersinia pestis,688,688,100%,0.0,98.96,100647,"=HYPERLINK(""https://www.ncbi.nlm.nih.gov/nucleotide/CP178044.1?report=genbank&log$=nucltop&blast_rank=51&RID=UW21N5FS014"",""CP178044.1"")"
"Yersinia pestis strain J070005 plasmid pMT1, complete sequence",Yersinia pestis,688,688,99%,0.0,99.21,94251,"=HYPERLINK(""https://www.ncbi.nlm.nih.gov/nucleotide/CP177797.1?report=genbank&log$=nucltop&blast_rank=52&RID=UW21N5FS014"",""CP177797.1"")"
"Yersinia pestis strain 91_KR plasmid pFra, complete sequence",Yersinia pestis,688,688,99%,0.0,99.21,100915,"=HYPERLINK(""https://www.ncbi.nlm.nih.gov/nucleotide/CP151605.1?report=genbank&log$=nucltop&blast_rank=53&RID=UW21N5FS014"",""CP151605.1"")"
"Yersinia pestis strain 50010 plasmid pMT1, complete sequence",Yersinia pestis,688,688,99%,0.0,99.21,101698,"=HYPERLINK(""https://www.ncbi.nlm.nih.gov/nucleotide/CP177943.1?report=genbank&log$=nucltop&blast_rank=54&RID=UW21N5FS014"",""CP177943.1"")"
"Yersinia pestis strain 2 plasmid pMT1, complete sequence",Yersinia pestis,688,688,99%,0.0,99.21,100925,"=HYPERLINK(""https://www.ncbi.nlm.nih.gov/nucleotide/CP178014.1?report=genbank&log$=nucltop&blast_rank=55&RID=UW21N5FS014"",""CP178014.1"")"
"Yersinia pestis strain 2330 plasmid pMT1, complete sequence",Yersinia pestis,688,688,99%,0.0,99.21,100984,"=HYPERLINK(""https://www.ncbi.nlm.nih.gov/nucleotide/CP178038.1?report=genbank&log$=nucltop&blast_rank=56&RID=UW21N5FS014"",""CP178038.1"")"
"Yersinia pestis strain SCPM-O-B-6291 (C-25) plasmid pMT, complete sequence",Yersinia pestis,688,688,99%,0.0,99.21,100989,"=HYPERLINK(""https://www.ncbi.nlm.nih.gov/nucleotide/CP045164.1?report=genbank&log$=nucltop&blast_rank=57&RID=UW21N5FS014"",""CP045164.1"")"
"Yersinia pestis strain 02023 plasmid pMT1, complete sequence",Yersinia pestis,688,688,99%,0.0,99.21,77488,"=HYPERLINK(""https://www.ncbi.nlm.nih.gov/nucleotide/CP177545.1?report=genbank&log$=nucltop&blast_rank=58&RID=UW21N5FS014"",""CP177545.1"")"
"Yersinia pestis strain Shasta plasmid pMT, complete sequence",Yersinia pestis,688,688,99%,0.0,99.21,96210,"=HYPERLINK(""https://www.ncbi.nlm.nih.gov/nucleotide/CP009722.1?report=genbank&log$=nucltop&blast_rank=59&RID=UW21N5FS014"",""CP009722.1"")"
"Yersinia pestis strain 740371 plasmid pMT1, complete sequence",Yersinia pestis,688,688,99%,0.0,99.21,94251,"=HYPERLINK(""https://www.ncbi.nlm.nih.gov/nucleotide/CP177489.1?report=genbank&log$=nucltop&blast_rank=60&RID=UW21N5FS014"",""CP177489.1"")"
"Yersinia pestis strain 02043 plasmid pMT1, complete sequence",Yersinia pestis,688,688,99%,0.0,99.21,94251,"=HYPERLINK(""https://www.ncbi.nlm.nih.gov/nucleotide/CP177559.1?report=genbank&log$=nucltop&blast_rank=61&RID=UW21N5FS014"",""CP177559.1"")"
"Yersinia pestis 2944 plasmid pMT, complete sequence",Yersinia pestis 2944,688,688,100%,0.0,98.96,100984,"=HYPERLINK(""https://www.ncbi.nlm.nih.gov/nucleotide/CP006790.1?report=genbank&log$=nucltop&blast_rank=62&RID=UW21N5FS014"",""CP006790.1"")"
Yersinia pestis strain FDAARGOS_603 plasmid unnamed4,Yersinia pestis,688,688,100%,0.0,98.96,113378,"=HYPERLINK(""https://www.ncbi.nlm.nih.gov/nucleotide/CP033693.1?report=genbank&log$=nucltop&blast_rank=63&RID=UW21N5FS014"",""CP033693.1"")"
"Yersinia pestis EV76-CN plasmid unnamed, complete sequence",Yersinia pestis EV76-CN,688,688,100%,0.0,98.96,120847,"=HYPERLINK(""https://www.ncbi.nlm.nih.gov/nucleotide/CP096667.1?report=genbank&log$=nucltop&blast_rank=64&RID=UW21N5FS014"",""CP096667.1"")"
"Yersinia pestis strain 13001 plasmid pMT1, complete sequence",Yersinia pestis,688,688,99%,0.0,99.21,104458,"=HYPERLINK(""https://www.ncbi.nlm.nih.gov/nucleotide/CP177402.1?report=genbank&log$=nucltop&blast_rank=65&RID=UW21N5FS014"",""CP177402.1"")"
"Yersinia pestis strain J260006 plasmid pMT1, complete sequence",Yersinia pestis,688,688,100%,0.0,98.96,100915,"=HYPERLINK(""https://www.ncbi.nlm.nih.gov/nucleotide/CP177670.1?report=genbank&log$=nucltop&blast_rank=66&RID=UW21N5FS014"",""CP177670.1"")"
"Yersinia pestis strain 140037 plasmid pMT1, complete sequence",Yersinia pestis,688,688,99%,0.0,99.21,100989,"=HYPERLINK(""https://www.ncbi.nlm.nih.gov/nucleotide/CP177807.1?report=genbank&log$=nucltop&blast_rank=67&RID=UW21N5FS014"",""CP177807.1"")"
"Yersinia pestis biovar Microtus str. 91001 plasmid pMT1, complete sequence",Yersinia pestis biovar Microtus str. 91001,688,688,99%,0.0,99.21,106642,"=HYPERLINK(""https://www.ncbi.nlm.nih.gov/nucleotide/AE017045.1?report=genbank&log$=nucltop&blast_rank=68&RID=UW21N5FS014"",""AE017045.1"")"
"Yersinia pestis strain 90057 plasmid pMT1, complete sequence",Yersinia pestis,688,688,100%,0.0,98.96,98646,"=HYPERLINK(""https://www.ncbi.nlm.nih.gov/nucleotide/CP177899.1?report=genbank&log$=nucltop&blast_rank=69&RID=UW21N5FS014"",""CP177899.1"")"
"Yersinia pestis strain 08023 plasmid pMT1, complete sequence",Yersinia pestis,688,688,99%,0.0,99.21,77488,"=HYPERLINK(""https://www.ncbi.nlm.nih.gov/nucleotide/CP177772.1?report=genbank&log$=nucltop&blast_rank=70&RID=UW21N5FS014"",""CP177772.1"")"
"Yersinia pestis Antiqua plasmid pMT, complete sequence",Yersinia pestis Antiqua,688,688,99%,0.0,99.21,96473,"=HYPERLINK(""https://www.ncbi.nlm.nih.gov/nucleotide/CP009904.1?report=genbank&log$=nucltop&blast_rank=71&RID=UW21N5FS014"",""CP009904.1"")"
"Yersinia pestis strain 93012 plasmid pMT1, complete sequence",Yersinia pestis,688,688,100%,0.0,98.96,106644,"=HYPERLINK(""https://www.ncbi.nlm.nih.gov/nucleotide/CP177365.1?report=genbank&log$=nucltop&blast_rank=72&RID=UW21N5FS014"",""CP177365.1"")"
"Yersinia pestis strain J180019 plasmid pMT1, complete sequence",Yersinia pestis,688,688,100%,0.0,98.96,100940,"=HYPERLINK(""https://www.ncbi.nlm.nih.gov/nucleotide/CP177658.1?report=genbank&log$=nucltop&blast_rank=73&RID=UW21N5FS014"",""CP177658.1"")"
"Yersinia pestis strain 84003 plasmid pMT1, complete sequence",Yersinia pestis,688,688,99%,0.0,99.21,96755,"=HYPERLINK(""https://www.ncbi.nlm.nih.gov/nucleotide/CP177764.1?report=genbank&log$=nucltop&blast_rank=74&RID=UW21N5FS014"",""CP177764.1"")"
"Yersinia pestis strain 30026 plasmid pMT1, complete sequence",Yersinia pestis,688,688,100%,0.0,98.96,100918,"=HYPERLINK(""https://www.ncbi.nlm.nih.gov/nucleotide/CP177642.1?report=genbank&log$=nucltop&blast_rank=75&RID=UW21N5FS014"",""CP177642.1"")"
"Yersinia pestis strain CMCC640047 plasmid pMT1, complete sequence",Yersinia pestis,688,688,99%,0.0,99.21,96224,"=HYPERLINK(""https://www.ncbi.nlm.nih.gov/nucleotide/CP178026.1?report=genbank&log$=nucltop&blast_rank=76&RID=UW21N5FS014"",""CP178026.1"")"
"Yersinia pestis D182038 plasmid pMT1, complete sequence",Yersinia pestis D182038,688,688,99%,0.0,99.21,96046,"=HYPERLINK(""https://www.ncbi.nlm.nih.gov/nucleotide/CP001591.1?report=genbank&log$=nucltop&blast_rank=77&RID=UW21N5FS014"",""CP001591.1"")"
"Yersinia pestis strain 52013 plasmid pMT1, complete sequence",Yersinia pestis,688,688,99%,0.0,99.21,94251,"=HYPERLINK(""https://www.ncbi.nlm.nih.gov/nucleotide/CP177540.1?report=genbank&log$=nucltop&blast_rank=78&RID=UW21N5FS014"",""CP177540.1"")"
"Yersinia pestis strain 19024 plasmid pMT1, complete sequence",Yersinia pestis,688,688,99%,0.0,99.21,77488,"=HYPERLINK(""https://www.ncbi.nlm.nih.gov/nucleotide/CP177793.1?report=genbank&log$=nucltop&blast_rank=79&RID=UW21N5FS014"",""CP177793.1"")"
"Yersinia pestis strain 96011 plasmid pMT1, complete sequence",Yersinia pestis,688,688,99%,0.0,99.21,101463,"=HYPERLINK(""https://www.ncbi.nlm.nih.gov/nucleotide/CP177893.1?report=genbank&log$=nucltop&blast_rank=80&RID=UW21N5FS014"",""CP177893.1"")"
"Yersinia pestis strain 99002 plasmid pMT1, complete sequence",Yersinia pestis,688,688,100%,0.0,98.96,102948,"=HYPERLINK(""https://www.ncbi.nlm.nih.gov/nucleotide/CP177869.1?report=genbank&log$=nucltop&blast_rank=81&RID=UW21N5FS014"",""CP177869.1"")"
"Yersinia pestis strain SCPM-O-B-6899 (231) plasmid pMT, complete sequence",Yersinia pestis,688,688,99%,0.0,99.21,100979,"=HYPERLINK(""https://www.ncbi.nlm.nih.gov/nucleotide/CP045146.1?report=genbank&log$=nucltop&blast_rank=82&RID=UW21N5FS014"",""CP045146.1"")"
"Yersinia pestis strain 71038 plasmid pMT1, complete sequence",Yersinia pestis,688,688,100%,0.0,98.96,100984,"=HYPERLINK(""https://www.ncbi.nlm.nih.gov/nucleotide/CP178051.1?report=genbank&log$=nucltop&blast_rank=83&RID=UW21N5FS014"",""CP178051.1"")"
"Yersinia pestis strain N010080 plasmid pMT1, complete sequence",Yersinia pestis,688,688,100%,0.0,98.96,106437,"=HYPERLINK(""https://www.ncbi.nlm.nih.gov/nucleotide/CP177571.1?report=genbank&log$=nucltop&blast_rank=84&RID=UW21N5FS014"",""CP177571.1"")"
"Yersinia pestis A1122 plasmid pMT, complete sequence",Yersinia pestis A1122,688,688,99%,0.0,99.21,95328,"=HYPERLINK(""https://www.ncbi.nlm.nih.gov/nucleotide/CP009841.1?report=genbank&log$=nucltop&blast_rank=85&RID=UW21N5FS014"",""CP009841.1"")"
"Yersinia pestis strain 54009 plasmid pMT1, complete sequence",Yersinia pestis,688,688,100%,0.0,98.96,101698,"=HYPERLINK(""https://www.ncbi.nlm.nih.gov/nucleotide/CP177939.1?report=genbank&log$=nucltop&blast_rank=86&RID=UW21N5FS014"",""CP177939.1"")"
"Yersinia pestis strain 95037 plasmid pMT1, complete sequence",Yersinia pestis,688,688,100%,0.0,98.96,99290,"=HYPERLINK(""https://www.ncbi.nlm.nih.gov/nucleotide/CP177903.1?report=genbank&log$=nucltop&blast_rank=87&RID=UW21N5FS014"",""CP177903.1"")"
"Yersinia pestis strain 80 plasmid pFra, complete sequence",Yersinia pestis,688,688,99%,0.0,99.21,100910,"=HYPERLINK(""https://www.ncbi.nlm.nih.gov/nucleotide/CP151608.1?report=genbank&log$=nucltop&blast_rank=88&RID=UW21N5FS014"",""CP151608.1"")"
"Yersinia pestis D106004 plasmid pMT1, complete sequence",Yersinia pestis D106004,688,688,99%,0.0,99.21,94249,"=HYPERLINK(""https://www.ncbi.nlm.nih.gov/nucleotide/CP001587.1?report=genbank&log$=nucltop&blast_rank=89&RID=UW21N5FS014"",""CP001587.1"")"
"Yersinia pestis strain 160009 plasmid pMT1, complete sequence",Yersinia pestis,688,688,100%,0.0,98.96,100989,"=HYPERLINK(""https://www.ncbi.nlm.nih.gov/nucleotide/CP177826.1?report=genbank&log$=nucltop&blast_rank=90&RID=UW21N5FS014"",""CP177826.1"")"
"Yersinia pestis strain 15020 plasmid pMT1, complete sequence",Yersinia pestis,688,688,100%,0.0,98.96,96210,"=HYPERLINK(""https://www.ncbi.nlm.nih.gov/nucleotide/CP177484.1?report=genbank&log$=nucltop&blast_rank=91&RID=UW21N5FS014"",""CP177484.1"")"
"Yersinia pestis strain N010084 plasmid pMT1, complete sequence",Yersinia pestis,688,688,100%,0.0,98.96,106663,"=HYPERLINK(""https://www.ncbi.nlm.nih.gov/nucleotide/CP177567.1?report=genbank&log$=nucltop&blast_rank=92&RID=UW21N5FS014"",""CP177567.1"")"
"Yersinia pestis strain 90028 plasmid pMT1, complete sequence",Yersinia pestis,688,688,100%,0.0,98.96,100990,"=HYPERLINK(""https://www.ncbi.nlm.nih.gov/nucleotide/CP177846.1?report=genbank&log$=nucltop&blast_rank=93&RID=UW21N5FS014"",""CP177846.1"")"
"Yersinia pestis strain 50012 plasmid pMT1, complete sequence",Yersinia pestis,688,688,100%,0.0,98.96,101694,"=HYPERLINK(""https://www.ncbi.nlm.nih.gov/nucleotide/CP177977.1?report=genbank&log$=nucltop&blast_rank=94&RID=UW21N5FS014"",""CP177977.1"")"
"Yersinia pestis strain R plasmid unnamed1, complete sequence",Yersinia pestis,688,688,100%,0.0,98.96,130936,"=HYPERLINK(""https://www.ncbi.nlm.nih.gov/nucleotide/CP084337.1?report=genbank&log$=nucltop&blast_rank=95&RID=UW21N5FS014"",""CP084337.1"")"
"Yersinia pestis strain 70016 plasmid pMT1, complete sequence",Yersinia pestis,688,688,100%,0.0,98.96,101698,"=HYPERLINK(""https://www.ncbi.nlm.nih.gov/nucleotide/CP177912.1?report=genbank&log$=nucltop&blast_rank=96&RID=UW21N5FS014"",""CP177912.1"")"
"Yersinia pestis strain 41006 plasmid pMT1, complete sequence",Yersinia pestis,688,688,100%,0.0,98.96,100979,"=HYPERLINK(""https://www.ncbi.nlm.nih.gov/nucleotide/CP177418.1?report=genbank&log$=nucltop&blast_rank=97&RID=UW21N5FS014"",""CP177418.1"")"
"Yersinia pestis strain 45018 plasmid pMT1, complete sequence",Yersinia pestis,688,688,100%,0.0,98.96,99021,"=HYPERLINK(""https://www.ncbi.nlm.nih.gov/nucleotide/CP177459.1?report=genbank&log$=nucltop&blast_rank=98&RID=UW21N5FS014"",""CP177459.1"")"
"Yersinia pestis strain 177 plasmid pFra, complete sequence",Yersinia pestis,688,688,100%,0.0,98.96,98951,"=HYPERLINK(""https://www.ncbi.nlm.nih.gov/nucleotide/CP151628.1?report=genbank&log$=nucltop&blast_rank=99&RID=UW21N5FS014"",""CP151628.1"")"
"Yersinia pestis strain 98008 plasmid pMT1, complete sequence",Yersinia pestis,688,688,100%,0.0,98.96,100632,"=HYPERLINK(""https://www.ncbi.nlm.nih.gov/nucleotide/CP177864.1?report=genbank&log$=nucltop&blast_rank=100&RID=UW21N5FS014"",""CP177864.1"")"



		


